rewards,std
-1185.0452982590803,-0.0798579
